Workbook

Sheet 使い方
A1: モンテカルロシミュレーション・テンプレート
A2: 『棚で勝つパッケージ戦略』第6章 準拠
A4: ■ 使い方
A5: 1. 「案A」「案B」「案C」シートの上部にある『パラメータ設定』を、あなたの商品の数値に書き換えてください。
A6: （単価・日販・広告費・返品率の下限と上限、目標月間利益）
A7: 2. 書き換えると、下の1,000行の表とI〜J列の結果サマリーが自動的に再計算されます。
A8: 3. Googleスプレッドジートで開き直したい場合は、このファイルをそのままアップロードすれば数式ごとインポートされます。
A9: （Googleドライブ → 新規 → ファイルのアップロード）
A10: 4. 数値は再計算のたびにランダムに変わります。より安定した数字を見たい場合は、F9キー（再計算）を
A11: 何度か押して、黒字化する確率が大きくぶれないか確認してください。
A13: ■ 各項目の意味
A14: ・黒字化する確率 1,000回のシミュレーションのうち、月間利益がプラスになった割合
... A24: 案が3つ以上ある場合は、シートをコピーして『案D』のように増やしてください。

Sheet 案A
A1: 案A（紺色・差別化重視）
A3: パラメータ設定（ここだけ書き換えればOK） | I3: シミュレーション結果（1,000回試行）
A4: 項目 | B4: 下限 | C4: 上限 | I4: 黒字化する確率 | J4: =COUNTIF(G11:G1010,">0")/1000
A5: 単価（円） | B5: 380 | C5: 480 | I5: 目標達成の確率 | J5: =COUNTIF(G11:G1010,">"&B9)/1000
A6: 日販（個/日） | B6: 12 | C6: 50 | I6: 平均月間利益 | J6: =AVERAGE(G11:G1010)
A7: 広告費（円/月） | B7: 15000 | C7: 40000 | I7: 最悪ケースの損失 | J7: =MIN(G11:G1010)
A8: 返品率 | B8: 0.02 | C8: 0.08 | I8: 最良ケースの利益 | J8: =MAX(G11:G1010)
A9: 目標月間利益（円） | B9: 100000 | I9: 中央値 | J9: =MEDIAN(G11:G1010)
A10: 試行番号 | B10: 単価 | C10: 日販 | D10: 広告費 | E10: 返品率 | F10: 月間売上 | G10: 月間利益
A11: 1 | B11: =$B$5+RAND()*($C$5-$B$5) | C11: =$B$6+RAND()*($C$6-$B$6) | D11: =$B$7+RAND()*($C$7-$B$7) | E11: =$B$8+RAND()*($C$8-$B$8) | F11: =B11*C11*30*(1-E11) | G11: =F11-D11
A12: 2 | B12: =$B$5+RAND()*($C$5-$B$5) | C12: =$B$6+RAND()*($C$6-$B$6) | D12: =$B$7+RAND()*($C$7-$B$7) | E12: =$B$8+RAND()*($C$8-$B$8) | F12: =B12*C12*30*(1-E12) | G12: =F12-D12
A13: 3 | B13: =$B$5+RAND()*($C$5-$B$5) | C13: =$B$6+RAND()*($C$6-$B$6) | D13: =$B$7+RAND()*($C$7-$B$7) | E13: =$B$8+RAND()*($C$8-$B$8) | F13: =B13*C13*30*(1-E13) | G13: =F13-D13
A14: 4 | B14: =$B$5+RAND()*($C$5-$B$5) | C14: =$B$6+RAND()*($C$6-$B$6) | D14: =$B$7+RAND()*($C$7-$B$7) | E14: =$B$8+RAND()*($C$8-$B$8) | F14: =B14*C14*30*(1-E14) | G14: =F14-D14
A15: 5 | B15: =$B$5+RAND()*($C$5-$B$5) | C15: =$B$6+RAND()*($C$6-$B$6) | D15: =$B$7+RAND()*($C$7-$B$7) | E15: =$B$8+RAND()*($C$8-$B$8) | F15: =B15*C15*30*(1-E15) | G15: =F15-D15
A16: 6 | B16: =$B$5+RAND()*($C$5-$B$5) | C16: =$B$6+RAND()*($C$6-$B$6) | D16: =$B$7+RAND()*($C$7-$B$7) | E16: =$B$8+RAND()*($C$8-$B$8) | F16: =B16*C16*30*(1-E16) | G16: =F16-D16
A17: 7 | B17: =$B$5+RAND()*($C$5-$B$5) | C17: =$B$6+RAND()*($C$6-$B$6) | D17: =$B$7+RAND()*($C$7-$B$7) | E17: =$B$8+RAND()*($C$8-$B$8) | F17: =B17*C17*30*(1-E17) | G17: =F17-D17
A18: 8 | B18: =$B$5+RAND()*($C$5-$B$5) | C18: =$B$6+RAND()*($C$6-$B$6) | D18: =$B$7+RAND()*($C$7-$B$7) | E18: =$B$8+RAND()*($C$8-$B$8) | F18: =B18*C18*30*(1-E18) | G18: =F18-D18
A19: 9 | B19: =$B$5+RAND()*($C$5-$B$5) | C19: =$B$6+RAND()*($C$6-$B$6) | D19: =$B$7+RAND()*($C$7-$B$7) | E19: =$B$8+RAND()*($C$8-$B$8) | F19: =B19*C19*30*(1-E19) | G19: =F19-D19
A20: 10 | B20: =$B$5+RAND()*($C$5-$B$5) | C20: =$B$6+RAND()*($C$6-$B$6) | D20: =$B$7+RAND()*($C$7-$B$7) | E20: =$B$8+RAND()*($C$8-$B$8) | F20: =B20*C20*30*(1-E20) | G20: =F20-D20
A21: 11 | B21: =$B$5+RAND()*($C$5-$B$5) | C21: =$B$6+RAND()*($C$6-$B$6) | D21: =$B$7+RAND()*($C$7-$B$7) | E21: =$B$8+RAND()*($C$8-$B$8) | F21: =B21*C21*30*(1-E21) | G21: =F21-D21
A22: 12 | B22: =$B$5+RAND()*($C$5-$B$5) | C22: =$B$6+RAND()*($C$6-$B$6) | D22: =$B$7+RAND()*($C$7-$B$7) | E22: =$B$8+RAND()*($C$8-$B$8) | F22: =B22*C22*30*(1-E22) | G22: =F22-D22
... A1010: 1000 | B1010: =$B$5+RAND()*($C$5-$B$5) | C1010: =$B$6+RAND()*($C$6-$B$6) | D1010: =$B$7+RAND()*($C$7-$B$7) | E1010: =$B$8+RAND()*($C$8-$B$8) | F1010: =B1010*C1010*30*(1-E1010) | G1010: =F1010-D1010

Sheet 案B
A1: 案B（緑・安定重視）
A3: パラメータ設定（ここだけ書き換えればOK） | I3: シミュレーション結果（1,000回試行）
A4: 項目 | B4: 下限 | C4: 上限 | I4: 黒字化する確率 | J4: =COUNTIF(G11:G1010,">0")/1000
A5: 単価（円） | B5: 380 | C5: 480 | I5: 目標達成の確率 | J5: =COUNTIF(G11:G1010,">"&B9)/1000
A6: 日販（個/日） | B6: 10 | C6: 42 | I6: 平均月間利益 | J6: =AVERAGE(G11:G1010)
A7: 広告費（円/月） | B7: 15000 | C7: 40000 | I7: 最悪ケースの損失 | J7: =MIN(G11:G1010)
A8: 返品率 | B8: 0.02 | C8: 0.08 | I8: 最良ケースの利益 | J8: =MAX(G11:G1010)
A9: 目標月間利益（円） | B9: 100000 | I9: 中央値 | J9: =MEDIAN(G11:G1010)
A10: 試行番号 | B10: 単価 | C10: 日販 | D10: 広告費 | E10: 返品率 | F10: 月間売上 | G10: 月間利益
A11: 1 | B11: =$B$5+RAND()*($C$5-$B$5) | C11: =$B$6+RAND()*($C$6-$B$6) | D11: =$B$7+RAND()*($C$7-$B$7) | E11: =$B$8+RAND()*($C$8-$B$8) | F11: =B11*C11*30*(1-E11) | G11: =F11-D11
A12: 2 | B12: =$B$5+RAND()*($C$5-$B$5) | C12: =$B$6+RAND()*($C$6-$B$6) | D12: =$B$7+RAND()*($C$7-$B$7) | E12: =$B$8+RAND()*($C$8-$B$8) | F12: =B12*C12*30*(1-E12) | G12: =F12-D12
A13: 3 | B13: =$B$5+RAND()*($C$5-$B$5) | C13: =$B$6+RAND()*($C$6-$B$6) | D13: =$B$7+RAND()*($C$7-$B$7) | E13: =$B$8+RAND()*($C$8-$B$8) | F13: =B13*C13*30*(1-E13) | G13: =F13-D13
A14: 4 | B14: =$B$5+RAND()*($C$5-$B$5) | C14: =$B$6+RAND()*($C$6-$B$6) | D14: =$B$7+RAND()*($C$7-$B$7) | E14: =$B$8+RAND()*($C$8-$B$8) | F14: =B14*C14*30*(1-E14) | G14: =F14-D14
A15: 5 | B15: =$B$5+RAND()*($C$5-$B$5) | C15: =$B$6+RAND()*($C$6-$B$6) | D15: =$B$7+RAND()*($C$7-$B$7) | E15: =$B$8+RAND()*($C$8-$B$8) | F15: =B15*C15*30*(1-E15) | G15: =F15-D15
A16: 6 | B16: =$B$5+RAND()*($C$5-$B$5) | C16: =$B$6+RAND()*($C$6-$B$6) | D16: =$B$7+RAND()*($C$7-$B$7) | E16: =$B$8+RAND()*($C$8-$B$8) | F16: =B16*C16*30*(1-E16) | G16: =F16-D16
A17: 7 | B17: =$B$5+RAND()*($C$5-$B$5) | C17: =$B$6+RAND()*($C$6-$B$6) | D17: =$B$7+RAND()*($C$7-$B$7) | E17: =$B$8+RAND()*($C$8-$B$8) | F17: =B17*C17*30*(1-E17) | G17: =F17-D17
A18: 8 | B18: =$B$5+RAND()*($C$5-$B$5) | C18: =$B$6+RAND()*($C$6-$B$6) | D18: =$B$7+RAND()*($C$7-$B$7) | E18: =$B$8+RAND()*($C$8-$B$8) | F18: =B18*C18*30*(1-E18) | G18: =F18-D18
A19: 9 | B19: =$B$5+RAND()*($C$5-$B$5) | C19: =$B$6+RAND()*($C$6-$B$6) | D19: =$B$7+RAND()*($C$7-$B$7) | E19: =$B$8+RAND()*($C$8-$B$8) | F19: =B19*C19*30*(1-E19) | G19: =F19-D19
A20: 10 | B20: =$B$5+RAND()*($C$5-$B$5) | C20: =$B$6+RAND()*($C$6-$B$6) | D20: =$B$7+RAND()*($C$7-$B$7) | E20: =$B$8+RAND()*($C$8-$B$8) | F20: =B20*C20*30*(1-E20) | G20: =F20-D20
A21: 11 | B21: =$B$5+RAND()*($C$5-$B$5) | C21: =$B$6+RAND()*($C$6-$B$6) | D21: =$B$7+RAND()*($C$7-$B$7) | E21: =$B$8+RAND()*($C$8-$B$8) | F21: =B21*C21*30*(1-E21) | G21: =F21-D21
A22: 12 | B22: =$B$5+RAND()*($C$5-$B$5) | C22: =$B$6+RAND()*($C$6-$B$6) | D22: =$B$7+RAND()*($C$7-$B$7) | E22: =$B$8+RAND()*($C$8-$B$8) | F22: =B22*C22*30*(1-E22) | G22: =F22-D22
... A1010: 1000 | B1010: =$B$5+RAND()*($C$5-$B$5) | C1010: =$B$6+RAND()*($C$6-$B$6) | D1010: =$B$7+RAND()*($C$7-$B$7) | E1010: =$B$8+RAND()*($C$8-$B$8) | F1010: =B1010*C1010*30*(1-E1010) | G1010: =F1010-D1010

Sheet 案C
A1: 案C（低コスト訴求）
A3: パラメータ設定（ここだけ書き換えればOK） | I3: シミュレーション結果（1,000回試行）
A4: 項目 | B4: 下限 | C4: 上限 | I4: 黒字化する確率 | J4: =COUNTIF(G11:G1010,">0")/1000
A5: 単価（円） | B5: 380 | C5: 480 | I5: 目標達成の確率 | J5: =COUNTIF(G11:G1010,">"&B9)/1000
A6: 日販（個/日） | B6: 6 | C6: 28 | I6: 平均月間利益 | J6: =AVERAGE(G11:G1010)
A7: 広告費（円/月） | B7: 15000 | C7: 40000 | I7: 最悪ケースの損失 | J7: =MIN(G11:G1010)
A8: 返品率 | B8: 0.02 | C8: 0.08 | I8: 最良ケースの利益 | J8: =MAX(G11:G1010)
A9: 目標月間利益（円） | B9: 100000 | I9: 中央値 | J9: =MEDIAN(G11:G1010)
A10: 試行番号 | B10: 単価 | C10: 日販 | D10: 広告費 | E10: 返品率 | F10: 月間売上 | G10: 月間利益
A11: 1 | B11: =$B$5+RAND()*($C$5-$B$5) | C11: =$B$6+RAND()*($C$6-$B$6) | D11: =$B$7+RAND()*($C$7-$B$7) | E11: =$B$8+RAND()*($C$8-$B$8) | F11: =B11*C11*30*(1-E11) | G11: =F11-D11
A12: 2 | B12: =$B$5+RAND()*($C$5-$B$5) | C12: =$B$6+RAND()*($C$6-$B$6) | D12: =$B$7+RAND()*($C$7-$B$7) | E12: =$B$8+RAND()*($C$8-$B$8) | F12: =B12*C12*30*(1-E12) | G12: =F12-D12
A13: 3 | B13: =$B$5+RAND()*($C$5-$B$5) | C13: =$B$6+RAND()*($C$6-$B$6) | D13: =$B$7+RAND()*($C$7-$B$7) | E13: =$B$8+RAND()*($C$8-$B$8) | F13: =B13*C13*30*(1-E13) | G13: =F13-D13
A14: 4 | B14: =$B$5+RAND()*($C$5-$B$5) | C14: =$B$6+RAND()*($C$6-$B$6) | D14: =$B$7+RAND()*($C$7-$B$7) | E14: =$B$8+RAND()*($C$8-$B$8) | F14: =B14*C14*30*(1-E14) | G14: =F14-D14
A15: 5 | B15: =$B$5+RAND()*($C$5-$B$5) | C15: =$B$6+RAND()*($C$6-$B$6) | D15: =$B$7+RAND()*($C$7-$B$7) | E15: =$B$8+RAND()*($C$8-$B$8) | F15: =B15*C15*30*(1-E15) | G15: =F15-D15
A16: 6 | B16: =$B$5+RAND()*($C$5-$B$5) | C16: =$B$6+RAND()*($C$6-$B$6) | D16: =$B$7+RAND()*($C$7-$B$7) | E16: =$B$8+RAND()*($C$8-$B$8) | F16: =B16*C16*30*(1-E16) | G16: =F16-D16
A17: 7 | B17: =$B$5+RAND()*($C$5-$B$5) | C17: =$B$6+RAND()*($C$6-$B$6) | D17: =$B$7+RAND()*($C$7-$B$7) | E17: =$B$8+RAND()*($C$8-$B$8) | F17: =B17*C17*30*(1-E17) | G17: =F17-D17
A18: 8 | B18: =$B$5+RAND()*($C$5-$B$5) | C18: =$B$6+RAND()*($C$6-$B$6) | D18: =$B$7+RAND()*($C$7-$B$7) | E18: =$B$8+RAND()*($C$8-$B$8) | F18: =B18*C18*30*(1-E18) | G18: =F18-D18
A19: 9 | B19: =$B$5+RAND()*($C$5-$B$5) | C19: =$B$6+RAND()*($C$6-$B$6) | D19: =$B$7+RAND()*($C$7-$B$7) | E19: =$B$8+RAND()*($C$8-$B$8) | F19: =B19*C19*30*(1-E19) | G19: =F19-D19
A20: 10 | B20: =$B$5+RAND()*($C$5-$B$5) | C20: =$B$6+RAND()*($C$6-$B$6) | D20: =$B$7+RAND()*($C$7-$B$7) | E20: =$B$8+RAND()*($C$8-$B$8) | F20: =B20*C20*30*(1-E20) | G20: =F20-D20
A21: 11 | B21: =$B$5+RAND()*($C$5-$B$5) | C21: =$B$6+RAND()*($C$6-$B$6) | D21: =$B$7+RAND()*($C$7-$B$7) | E21: =$B$8+RAND()*($C$8-$B$8) | F21: =B21*C21*30*(1-E21) | G21: =F21-D21
A22: 12 | B22: =$B$5+RAND()*($C$5-$B$5) | C22: =$B$6+RAND()*($C$6-$B$6) | D22: =$B$7+RAND()*($C$7-$B$7) | E22: =$B$8+RAND()*($C$8-$B$8) | F22: =B22*C22*30*(1-E22) | G22: =F22-D22
... A1010: 1000 | B1010: =$B$5+RAND()*($C$5-$B$5) | C1010: =$B$6+RAND()*($C$6-$B$6) | D1010: =$B$7+RAND()*($C$7-$B$7) | E1010: =$B$8+RAND()*($C$8-$B$8) | F1010: =B1010*C1010*30*(1-E1010) | G1010: =F1010-D1010

Sheet 比較サマリー
A1: 案の比較（各シートのJ列を自動参照）
B3: 案A | C3: 案B | D3: 案C
A4: 黒字化する確率 | B4: ='案A'!J4 | C4: ='案B'!J4 | D4: ='案C'!J4
A5: 目標達成の確率 | B5: ='案A'!J5 | C5: ='案B'!J5 | D5: ='案C'!J5
A6: 平均月間利益 | B6: ='案A'!J6 | C6: ='案B'!J6 | D6: ='案C'!J6
A7: 最悪ケースの損失 | B7: ='案A'!J7 | C7: ='案B'!J7 | D7: ='案C'!J7
A8: 最良ケースの利益 | B8: ='案A'!J8 | C8: ='案B'!J8 | D8: ='案C'!J8
A9: 中央値 | B9: ='案A'!J9 | C9: ='案B'!J9 | D9: ='案C'!J9
